,precision,recall,f1-score,support
0,1.0,1.0,1.0,126.0
1,0.984,0.984,0.984,125.0
2,0.9603174603174603,0.968,0.9641434262948207,125.0
3,0.9838709677419355,0.976,0.9799196787148594,125.0
accuracy,0.9820359281437125,0.9820359281437125,0.9820359281437125,0.9820359281437125
macro avg,0.982047107014849,0.982,0.98201577625242,501.0
weighted avg,0.9820829411325838,0.9820359281437125,0.9820516729066068,501.0
