,precision,recall,f1-score,support
0,0.32,1.0,0.48484848484848486,16.0
1,0.09090909090909091,0.06666666666666667,0.07692307692307693,15.0
2,0.0,0.0,0.0,15.0
3,0.0,0.0,0.0,15.0
accuracy,0.2786885245901639,0.2786885245901639,0.2786885245901639,0.2786885245901639
macro avg,0.10272727272727272,0.26666666666666666,0.14044289044289043,61.0
weighted avg,0.10628912071535024,0.2786885245901639,0.14608888379380183,61.0
