,precision,recall,f1-score,support
0,0.26666666666666666,1.0,0.42105263157894735,16.0
1,0.0,0.0,0.0,15.0
2,0.0,0.0,0.0,15.0
3,0.0,0.0,0.0,15.0
accuracy,0.26229508196721313,0.26229508196721313,0.26229508196721313,0.26229508196721313
macro avg,0.06666666666666667,0.25,0.10526315789473684,61.0
weighted avg,0.06994535519125683,0.26229508196721313,0.11044003451251078,61.0
