,precision,recall,f1-score,support
0,0.9976359338061466,0.9976359338061466,0.9976359338061466,423.0
1,0.9523809523809523,0.9523809523809523,0.9523809523809523,63.0
2,0.8666666666666667,0.8666666666666667,0.8666666666666667,15.0
accuracy,0.9880239520958084,0.9880239520958084,0.9880239520958084,0.9880239520958084
macro avg,0.9388945176179219,0.9388945176179219,0.9388945176179219,501.0
weighted avg,0.9880239520958084,0.9880239520958084,0.9880239520958084,501.0
