,precision,recall,f1-score,support
0,0.9166666666666666,1.0,0.9565217391304348,55.0
1,0.0,0.0,0.0,5.0
2,0.0,0.0,0.0,1.0
accuracy,0.9016393442622951,0.9016393442622951,0.9016393442622951,0.9016393442622951
macro avg,0.3055555555555555,0.3333333333333333,0.31884057971014496,61.0
weighted avg,0.8265027322404371,0.9016393442622951,0.8624376336421953,61.0
