,precision,recall,f1-score,support
0,1.0,0.9682539682539683,0.9838709677419355,126.0
1,0.9606299212598425,0.976,0.9682539682539683,125.0
2,0.952755905511811,0.968,0.9603174603174603,125.0
3,0.976,0.976,0.976,125.0
accuracy,0.9720558882235529,0.9720558882235529,0.9720558882235529,0.9720558882235529
macro avg,0.9723464566929134,0.9720634920634921,0.9721105990783411,501.0
weighted avg,0.972401653386141,0.9720558882235529,0.9721340728680887,501.0
