{
  "validation_accuracy": 0.9720558882235529,
  "cv_accuracy_mean": 0.9728542914171656,
  "cv_accuracy_std": 0.003702043311575119,
  "confusion_matrix": [
    [
      380,
      2,
      0,
      0
    ],
    [
      5,
      50,
      3,
      0
    ],
    [
      0,
      1,
      44,
      1
    ],
    [
      0,
      0,
      2,
      13
    ]
  ],
  "classification_report": {
    "0": {
      "precision": 0.987012987012987,
      "recall": 0.9947643979057592,
      "f1-score": 0.9908735332464146,
      "support": 382.0
    },
    "1": {
      "precision": 0.9433962264150944,
      "recall": 0.8620689655172413,
      "f1-score": 0.9009009009009009,
      "support": 58.0
    },
    "2": {
      "precision": 0.8979591836734694,
      "recall": 0.9565217391304348,
      "f1-score": 0.9263157894736842,
      "support": 46.0
    },
    "3": {
      "precision": 0.9285714285714286,
      "recall": 0.8666666666666667,
      "f1-score": 0.896551724137931,
      "support": 15.0
    },
    "accuracy": 0.9720558882235529,
    "macro avg": {
      "precision": 0.939234956418245,
      "recall": 0.9200054423050256,
      "f1-score": 0.9286604869397327,
      "support": 501.0
    },
    "weighted avg": {
      "precision": 0.9720371977017715,
      "recall": 0.9720558882235529,
      "f1-score": 0.9717060761082656,
      "support": 501.0
    }
  },
  "features": [
    "temp_max",
    "temp_min",
    "temp_mean",
    "humidity_mean",
    "precipitation_sum",
    "wind_speed_max"
  ],
  "model": "XGBoost",
  "num_training_samples": 2505
}