{
  "validation_accuracy": 0.9880239520958084,
  "cv_accuracy_mean": 0.9864271457085827,
  "cv_accuracy_std": 0.004621092575964139,
  "confusion_matrix": [
    [
      422,
      1,
      0
    ],
    [
      1,
      60,
      2
    ],
    [
      0,
      2,
      13
    ]
  ],
  "classification_report": {
    "0": {
      "precision": 0.9976359338061466,
      "recall": 0.9976359338061466,
      "f1-score": 0.9976359338061466,
      "support": 423.0
    },
    "1": {
      "precision": 0.9523809523809523,
      "recall": 0.9523809523809523,
      "f1-score": 0.9523809523809523,
      "support": 63.0
    },
    "2": {
      "precision": 0.8666666666666667,
      "recall": 0.8666666666666667,
      "f1-score": 0.8666666666666667,
      "support": 15.0
    },
    "accuracy": 0.9880239520958084,
    "macro avg": {
      "precision": 0.9388945176179219,
      "recall": 0.9388945176179219,
      "f1-score": 0.9388945176179219,
      "support": 501.0
    },
    "weighted avg": {
      "precision": 0.9880239520958084,
      "recall": 0.9880239520958084,
      "f1-score": 0.9880239520958084,
      "support": 501.0
    }
  },
  "features": [
    "temp_max",
    "temp_min",
    "temp_mean",
    "humidity_mean",
    "precipitation_sum",
    "wind_speed_max"
  ],
  "model": "XGBoost",
  "num_training_samples": 2505
}