{
  "archive_accuracy": 0.9016393442622951,
  "num_archive_samples": 61,
  "confusion_matrix": [
    [
      55,
      0,
      0
    ],
    [
      5,
      0,
      0
    ],
    [
      0,
      1,
      0
    ]
  ],
  "classification_report": {
    "0": {
      "precision": 0.9166666666666666,
      "recall": 1.0,
      "f1-score": 0.9565217391304348,
      "support": 55.0
    },
    "1": {
      "precision": 0.0,
      "recall": 0.0,
      "f1-score": 0.0,
      "support": 5.0
    },
    "2": {
      "precision": 0.0,
      "recall": 0.0,
      "f1-score": 0.0,
      "support": 1.0
    },
    "accuracy": 0.9016393442622951,
    "macro avg": {
      "precision": 0.3055555555555555,
      "recall": 0.3333333333333333,
      "f1-score": 0.31884057971014496,
      "support": 61.0
    },
    "weighted avg": {
      "precision": 0.8265027322404371,
      "recall": 0.9016393442622951,
      "f1-score": 0.8624376336421953,
      "support": 61.0
    }
  },
  "features": [
    "temp_max",
    "temp_min",
    "temp_mean",
    "humidity_mean",
    "precipitation_sum",
    "wind_speed_max"
  ],
  "model": "XGBoost"
}