{
  "validation_accuracy": 0.9720558882235529,
  "confusion_matrix": [
    [
      122,
      4,
      0,
      0
    ],
    [
      0,
      122,
      3,
      0
    ],
    [
      0,
      1,
      121,
      3
    ],
    [
      0,
      0,
      3,
      122
    ]
  ],
  "classification_report": {
    "0": {
      "precision": 1.0,
      "recall": 0.9682539682539683,
      "f1-score": 0.9838709677419355,
      "support": 126.0
    },
    "1": {
      "precision": 0.9606299212598425,
      "recall": 0.976,
      "f1-score": 0.9682539682539683,
      "support": 125.0
    },
    "2": {
      "precision": 0.952755905511811,
      "recall": 0.968,
      "f1-score": 0.9603174603174603,
      "support": 125.0
    },
    "3": {
      "precision": 0.976,
      "recall": 0.976,
      "f1-score": 0.976,
      "support": 125.0
    },
    "accuracy": 0.9720558882235529,
    "macro avg": {
      "precision": 0.9723464566929134,
      "recall": 0.9720634920634921,
      "f1-score": 0.9721105990783411,
      "support": 501.0
    },
    "weighted avg": {
      "precision": 0.972401653386141,
      "recall": 0.9720558882235529,
      "f1-score": 0.9721340728680887,
      "support": 501.0
    }
  },
  "model": "XGBoost"
}