{
  "archive_accuracy": 0.2786885245901639,
  "confusion_matrix": [
    [
      16,
      0,
      0,
      0
    ],
    [
      14,
      1,
      0,
      0
    ],
    [
      14,
      1,
      0,
      0
    ],
    [
      6,
      9,
      0,
      0
    ]
  ],
  "classification_report": {
    "0": {
      "precision": 0.32,
      "recall": 1.0,
      "f1-score": 0.48484848484848486,
      "support": 16.0
    },
    "1": {
      "precision": 0.09090909090909091,
      "recall": 0.06666666666666667,
      "f1-score": 0.07692307692307693,
      "support": 15.0
    },
    "2": {
      "precision": 0.0,
      "recall": 0.0,
      "f1-score": 0.0,
      "support": 15.0
    },
    "3": {
      "precision": 0.0,
      "recall": 0.0,
      "f1-score": 0.0,
      "support": 15.0
    },
    "accuracy": 0.2786885245901639,
    "macro avg": {
      "precision": 0.10272727272727272,
      "recall": 0.26666666666666666,
      "f1-score": 0.14044289044289043,
      "support": 61.0
    },
    "weighted avg": {
      "precision": 0.10628912071535024,
      "recall": 0.2786885245901639,
      "f1-score": 0.14608888379380183,
      "support": 61.0
    }
  },
  "model": "XGBoost"
}